NO,시군구,번지,본번,부번,단지명,전용면적(㎡),계약년월,계약일,거래금액(만원),동,층,매수자,매도자,건축년도,도로명,해제사유발생일,거래유형,중개사소재지,등기일자
1,광주광역시 동구 금남로5가,154-1,154,1,AM-City하이클래스,15.1697,202402,3,"6,250",금남로 AM-City 하이클래스,11,개인,개인,2014,금남로 185,-,중개거래,"광주 남구, 광주 서구",24.02.16
2,광주광역시 동구 충장로5가,Apr-96,96,4,로머스파크헤리티지,59.9682,202402,9,"35,290",-,26,개인,법인,2023,독립로226번길 5-10,20240305,직거래,-,-
3,광주광역시 동구 충장로5가,Apr-96,96,4,로머스파크헤리티지,84.8381,202402,12,"47,540",101동,8,개인,법인,2023,독립로226번길 5-10,-,직거래,-,24.03.22
4,광주광역시 동구 충장로5가,Apr-96,96,4,로머스파크헤리티지,59.9682,202402,9,"35,290",-,26,개인,법인,2023,독립로226번길 5-10,-,직거래,-,-
5,광주광역시 동구 수기동,22,22,0,고운하이츠(22-0),58.0601,202404,22,"16,700",-,2,개인,개인,2011,천변우로 329-10,-,중개거래,광주 서구,24.05.17
6,광주광역시 동구 계림동,1869,1869,0,계림아이파크에스케이뷰,84.9669,202404,7,"73,000",-,16,개인,개인,2022,필문대로 70,-,중개거래,광주 동구,-
7,광주광역시 동구 계림동,1869,1869,0,계림아이파크에스케이뷰,76.9879,202403,30,"61,500",-,12,개인,개인,2022,필문대로 70,-,중개거래,광주 동구,-
8,광주광역시 동구 계림동,1869,1869,0,계림아이파크에스케이뷰,76.9879,202404,1,"58,000",-,17,개인,개인,2022,필문대로 70,-,중개거래,광주 동구,-
9,광주광역시 동구 계림동,1845,1845,0,두산위브3차(두산위브더파크),84.9738,202404,14,"55,000",-,12,개인,개인,2021,중앙로290번길 16,-,중개거래,광주 동구,-
10,광주광역시 동구 계림동,100-1,100,1,금호,59.85,202404,5,"19,500",-,4,개인,개인,1996,필문대로 12-7,20240417,중개거래,광주 북구,-
11,광주광역시 동구 계림동,1869,1869,0,계림아이파크에스케이뷰,76.9879,202404,11,"58,900",-,8,개인,개인,2022,필문대로 70,-,중개거래,광주 동구,-
12,광주광역시 동구 계림동,1827,1827,0,그랜드센트럴,59.9055,202402,1,"36,700",-,24,개인,개인,2020,경양로 234,-,중개거래,광주 동구,-
13,광주광역시 동구 계림동,1845,1845,0,두산위브3차(두산위브더파크),84.9964,202403,11,"54,000",-,11,개인,개인,2021,중앙로290번길 16,-,중개거래,광주 동구,-
14,광주광역시 동구 계림동,1869,1869,0,계림아이파크에스케이뷰,123.8681,202402,26,"104,500",-,13,개인,개인,2022,필문대로 70,-,중개거래,광주 동구,-
15,광주광역시 동구 계림동,1827,1827,0,그랜드센트럴,39.8652,202402,29,"28,500",-,8,개인,법인,2020,경양로 234,20240315,직거래,-,-
16,광주광역시 동구 계림동,1845,1845,0,두산위브3차(두산위브더파크),59.9903,202405,1,"37,000",-,13,개인,개인,2021,중앙로290번길 16,-,중개거래,광주 동구,-
17,광주광역시 동구 계림동,1827,1827,0,그랜드센트럴,59.9083,202405,1,"36,000",-,5,개인,개인,2020,경양로 234,-,중개거래,광주 동구,-
18,광주광역시 동구 계림동,1827,1827,0,그랜드센트럴,75.9117,202405,2,"46,850",-,32,개인,개인,2020,경양로 234,-,중개거래,광주 동구,-
19,광주광역시 동구 계림동,1869,1869,0,계림아이파크에스케이뷰,76.9879,202401,19,"60,000",-,12,개인,개인,2022,필문대로 70,-,중개거래,광주 동구,-
20,광주광역시 동구 계림동,1827,1827,0,그랜드센트럴,39.8652,202403,12,"28,700",-,20,개인,법인,2020,경양로 234,20240507,직거래,-,-
21,광주광역시 동구 계림동,175-7,175,7,SG빌리지,49.0349,202403,18,"8,250",-,5,개인,법인,2018,중앙로 313,-,직거래,-,24.03.25
22,광주광역시 동구 계림동,1827,1827,0,그랜드센트럴,39.8652,202402,29,"24,000",108,22,개인,개인,2020,경양로 234,-,중개거래,광주 동구,24.03.29
23,광주광역시 동구 계림동,175-7,175,7,SG빌리지,29.4889,202403,4,"7,500",-,9,개인,개인,2018,중앙로 313,-,중개거래,광주 동구,24.03.11
24,광주광역시 동구 계림동,1815,1815,0,두산위브2차,84.9765,202405,7,"47,800",-,17,개인,개인,2018,계림로30번길 15,-,중개거래,광주 동구,-
25,광주광역시 동구 계림동,1815,1815,0,두산위브2차,84.9765,202405,7,"47,200",-,6,개인,개인,2018,계림로30번길 15,-,중개거래,광주 동구,-
26,광주광역시 동구 계림동,1827,1827,0,그랜드센트럴,39.8652,202401,5,"27,500",108,16,개인,법인,2020,경양로 234,-,직거래,-,24.02.13
27,광주광역시 동구 계림동,52,52,0,두산위브,154.3492,202401,5,"60,000",101,7,개인,개인,2007,무등로 374,-,중개거래,광주 동구,24.02.16
28,광주광역시 동구 계림동,1827,1827,0,그랜드센트럴,75.9117,202401,6,"45,000",112,15,개인,개인,2020,경양로 234,-,중개거래,광주 동구,24.03.25
29,광주광역시 동구 계림동,1827,1827,0,그랜드센트럴,59.9055,202401,9,"36,800",116,6,개인,개인,2020,경양로 234,-,중개거래,"광주 동구, 광주 서구",24.02.26
30,광주광역시 동구 계림동,52,52,0,두산위브,84.8686,202401,11,"31,200",102,1,개인,개인,2007,무등로 374,-,중개거래,"광주 동구, 광주 서구",24.03.15
31,광주광역시 동구 계림동,1845,1845,0,두산위브3차(두산위브더파크),59.9903,202401,12,"34,400",303,4,개인,개인,2021,중앙로290번길 16,-,중개거래,광주 동구,24.03.29
32,광주광역시 동구 계림동,1827,1827,0,그랜드센트럴,84.949,202401,12,"54,000",106,20,개인,개인,2020,경양로 234,-,직거래,-,24.01.12
33,광주광역시 동구 계림동,1827,1827,0,그랜드센트럴,75.9867,202401,27,"47,000",107,24,개인,개인,2020,경양로 234,-,중개거래,"광주 동구, 광주 서구",24.03.19
34,광주광역시 동구 계림동,1827,1827,0,그랜드센트럴,84.9647,202401,15,"55,800",102,30,개인,개인,2020,경양로 234,-,중개거래,광주 동구,24.02.13
35,광주광역시 동구 계림동,1827,1827,0,그랜드센트럴,75.9867,202401,20,"44,300",111,22,개인,개인,2020,경양로 234,-,중개거래,광주 동구,24.03.14
36,광주광역시 동구 계림동,1827,1827,0,그랜드센트럴,75.9789,202401,21,"46,000",107,30,개인,개인,2020,경양로 234,-,중개거래,광주 동구,24.02.15
37,광주광역시 동구 계림동,1827,1827,0,그랜드센트럴,75.9867,202401,23,"45,000",112,30,개인,개인,2020,경양로 234,-,중개거래,광주 동구,24.04.03
38,광주광역시 동구 계림동,1827,1827,0,그랜드센트럴,84.9647,202401,27,"51,250",103,7,개인,개인,2020,경양로 234,-,중개거래,광주 동구,24.03.29
39,광주광역시 동구 계림동,1827,1827,0,그랜드센트럴,84.9647,202401,27,"51,000",105,31,개인,개인,2020,경양로 234,-,중개거래,광주 동구,24.03.11
40,광주광역시 동구 계림동,1827,1827,0,그랜드센트럴,75.9789,202401,29,"45,900",119,20,개인,개인,2020,경양로 234,-,중개거래,"광주 동구, 전남 순천시",24.03.29
41,광주광역시 동구 계림동,1827,1827,0,그랜드센트럴,39.8652,202401,29,"28,500",108,18,개인,개인,2020,경양로 234,-,직거래,-,24.02.23
42,광주광역시 동구 계림동,1827,1827,0,그랜드센트럴,39.8652,202401,29,"28,500",108,8,개인,법인,2020,경양로 234,-,직거래,-,24.03.05
43,광주광역시 동구 계림동,1827,1827,0,그랜드센트럴,84.9647,202401,29,"50,700",104,20,개인,개인,2020,경양로 234,-,중개거래,광주 동구,24.03.05
44,광주광역시 동구 계림동,1827,1827,0,그랜드센트럴,39.8652,202401,30,"29,000",108,20,개인,법인,2020,경양로 234,-,직거래,-,24.02.23
45,광주광역시 동구 계림동,1845,1845,0,두산위브3차(두산위브더파크),59.9903,202401,31,"40,000",303,10,개인,개인,2021,중앙로290번길 16,-,중개거래,"광주 남구, 광주 동구",24.03.29
46,광주광역시 동구 계림동,100-1,100,1,금호,59.85,202402,1,"21,200",-,17,개인,개인,1996,필문대로 12-7,-,직거래,-,-
47,광주광역시 동구 계림동,1827,1827,0,그랜드센트럴,39.8652,202402,2,"27,500",108,18,개인,법인,2020,경양로 234,-,직거래,-,24.02.28
48,광주광역시 동구 계림동,1845,1845,0,두산위브3차(두산위브더파크),84.9738,202402,2,"53,500",307,16,개인,개인,2021,중앙로290번길 16,-,중개거래,광주 동구,24.04.30
49,광주광역시 동구 계림동,1827,1827,0,그랜드센트럴,84.949,202402,3,"48,500",102,4,개인,개인,2020,경양로 234,-,중개거래,"광주 광산구, 광주 동구",24.04.30
50,광주광역시 동구 계림동,1827,1827,0,그랜드센트럴,75.9867,202402,5,"44,800",110,8,개인,개인,2020,경양로 234,-,중개거래,광주 동구,24.03.25
51,광주광역시 동구 계림동,1827,1827,0,그랜드센트럴,75.9117,202402,5,"44,500",112,2,개인,개인,2020,경양로 234,-,중개거래,광주 동구,24.02.28
52,광주광역시 동구 계림동,1827,1827,0,그랜드센트럴,59.9048,202402,7,"37,000",-,30,개인,개인,2020,경양로 234,-,중개거래,광주 동구,-
53,광주광역시 동구 계림동,1815,1815,0,두산위브2차,84.5628,202402,8,"46,800",202동,19,개인,개인,2018,계림로30번길 15,-,중개거래,광주 동구,24.04.19
54,광주광역시 동구 계림동,1845,1845,0,두산위브3차(두산위브더파크),84.9706,202402,8,"55,500",310,16,개인,개인,2021,중앙로290번길 16,-,중개거래,광주 동구,24.04.22
55,광주광역시 동구 계림동,1827,1827,0,그랜드센트럴,75.9789,202402,8,"46,000",119,12,개인,개인,2020,경양로 234,-,중개거래,광주 동구,24.03.29
56,광주광역시 동구 계림동,52,52,0,두산위브,113.8106,202402,8,"54,000",107,6,개인,개인,2007,무등로 374,-,중개거래,광주 동구,24.05.08
57,광주광역시 동구 계림동,1827,1827,0,그랜드센트럴,75.9867,202402,13,"45,900",111,23,개인,개인,2020,경양로 234,-,중개거래,광주 동구,24.04.09
58,광주광역시 동구 계림동,1845,1845,0,두산위브3차(두산위브더파크),84.9738,202402,14,"55,000",-,10,개인,개인,2021,중앙로290번길 16,-,중개거래,광주 동구,-
59,광주광역시 동구 계림동,1869,1869,0,계림아이파크에스케이뷰,39.911,202402,15,"28,000",115동,10,개인,개인,2022,필문대로 70,-,중개거래,광주 동구,24.03.15
60,광주광역시 동구 계림동,1827,1827,0,그랜드센트럴,39.8652,202402,17,"28,500",-,15,개인,법인,2020,경양로 234,-,직거래,-,-
61,광주광역시 동구 계림동,1827,1827,0,그랜드센트럴,39.8652,202402,17,"27,500",108,17,개인,법인,2020,경양로 234,-,직거래,-,24.04.08
62,광주광역시 동구 계림동,1827,1827,0,그랜드센트럴,59.9048,202402,19,"37,100",118,20,개인,개인,2020,경양로 234,-,중개거래,광주 동구,24.04.26
63,광주광역시 동구 계림동,1827,1827,0,그랜드센트럴,39.8652,202402,19,"28,500",-,8,개인,법인,2020,경양로 234,-,직거래,-,-
64,광주광역시 동구 계림동,1827,1827,0,그랜드센트럴,39.8652,202402,19,"27,500",108,19,개인,법인,2020,경양로 234,-,직거래,-,24.03.27
65,광주광역시 동구 계림동,1827,1827,0,그랜드센트럴,39.8652,202402,20,"28,500",108,18,개인,법인,2020,경양로 234,-,직거래,-,24.03.14
66,광주광역시 동구 계림동,1827,1827,0,그랜드센트럴,39.8652,202402,20,"27,500",-,11,개인,법인,2020,경양로 234,-,직거래,-,-
67,광주광역시 동구 계림동,1827,1827,0,그랜드센트럴,39.8652,202402,20,"27,500",-,17,개인,법인,2020,경양로 234,-,직거래,-,-
68,광주광역시 동구 계림동,1827,1827,0,그랜드센트럴,39.8652,202402,21,"27,500",108,9,개인,법인,2020,경양로 234,-,직거래,-,24.04.05
69,광주광역시 동구 계림동,1827,1827,0,그랜드센트럴,39.8652,202402,21,"29,000",-,23,개인,법인,2020,경양로 234,-,직거래,-,-
70,광주광역시 동구 계림동,1827,1827,0,그랜드센트럴,39.8652,202402,22,"28,500",108,11,개인,법인,2020,경양로 234,-,직거래,-,24.03.27
71,광주광역시 동구 계림동,1827,1827,0,그랜드센트럴,39.8652,202402,22,"28,700",-,22,개인,법인,2020,경양로 234,-,직거래,-,-
72,광주광역시 동구 계림동,1827,1827,0,그랜드센트럴,84.9647,202402,23,"49,000",102,3,개인,개인,2020,경양로 234,-,중개거래,광주 동구,24.03.11
73,광주광역시 동구 계림동,1827,1827,0,그랜드센트럴,39.8652,202402,23,"28,700",-,21,개인,법인,2020,경양로 234,-,직거래,-,-
74,광주광역시 동구 계림동,1827,1827,0,그랜드센트럴,39.8652,202402,23,"27,500",-,9,개인,법인,2020,경양로 234,-,직거래,-,-
75,광주광역시 동구 계림동,1827,1827,0,그랜드센트럴,39.8652,202402,23,"27,500",108,19,개인,법인,2020,경양로 234,-,직거래,-,24.03.27
76,광주광역시 동구 계림동,1827,1827,0,그랜드센트럴,39.8652,202402,23,"29,000",-,20,개인,법인,2020,경양로 234,-,직거래,-,-
77,광주광역시 동구 계림동,1827,1827,0,그랜드센트럴,39.8652,202402,23,"29,000",-,25,개인,법인,2020,경양로 234,-,직거래,-,-
78,광주광역시 동구 계림동,1827,1827,0,그랜드센트럴,39.8652,202402,23,"29,000",108,26,개인,법인,2020,경양로 234,-,직거래,-,24.03.27
79,광주광역시 동구 계림동,1845,1845,0,두산위브3차(두산위브더파크),84.9738,202402,24,"52,000",304,19,개인,개인,2021,중앙로290번길 16,-,중개거래,광주 동구,24.03.15
80,광주광역시 동구 계림동,1827,1827,0,그랜드센트럴,39.8652,202402,24,"27,500",-,12,개인,법인,2020,경양로 234,20240507,직거래,-,-
81,광주광역시 동구 계림동,1827,1827,0,그랜드센트럴,39.8652,202402,24,"29,000",108,21,개인,법인,2020,경양로 234,-,직거래,-,24.03.18
82,광주광역시 동구 계림동,1827,1827,0,그랜드센트럴,75.9867,202402,24,"46,200",119,16,개인,개인,2020,경양로 234,-,중개거래,광주 광산구,24.03.25
83,광주광역시 동구 계림동,1827,1827,0,그랜드센트럴,39.8652,202402,24,"27,500",-,19,개인,법인,2020,경양로 234,-,직거래,-,-
84,광주광역시 동구 계림동,1827,1827,0,그랜드센트럴,39.8652,202402,25,"29,000",-,24,개인,법인,2020,경양로 234,20240507,직거래,-,-
85,광주광역시 동구 계림동,1827,1827,0,그랜드센트럴,39.8652,202402,25,"28,500",-,8,개인,법인,2020,경양로 234,-,직거래,-,-
86,광주광역시 동구 계림동,1827,1827,0,그랜드센트럴,39.8652,202402,25,"27,500",-,17,개인,법인,2020,경양로 234,-,직거래,-,-
87,광주광역시 동구 계림동,1827,1827,0,그랜드센트럴,39.8652,202402,25,"28,700",108,24,개인,법인,2020,경양로 234,-,직거래,-,24.03.27
88,광주광역시 동구 계림동,1827,1827,0,그랜드센트럴,39.8652,202402,26,"28,500",-,15,개인,법인,2020,경양로 234,20240415,직거래,-,-
89,광주광역시 동구 계림동,1845,1845,0,두산위브3차(두산위브더파크),39.9452,202402,26,"20,000",310,3,개인,개인,2021,중앙로290번길 16,-,직거래,-,24.03.04
90,광주광역시 동구 계림동,1827,1827,0,그랜드센트럴,39.8652,202402,26,"27,500",-,15,개인,법인,2020,경양로 234,-,직거래,-,-
91,광주광역시 동구 계림동,100-11,100,11,계림동금호2,84.78,202402,27,"24,000",3층옥상202,15,개인,개인,1998,중앙로 358,-,중개거래,광주 동구,24.03.11
92,광주광역시 동구 계림동,1827,1827,0,그랜드센트럴,39.8652,202402,27,"29,000",-,23,개인,법인,2020,경양로 234,20240507,직거래,-,-
93,광주광역시 동구 계림동,1827,1827,0,그랜드센트럴,59.9083,202402,27,"35,000",115,24,개인,개인,2020,경양로 234,-,직거래,-,24.02.27
94,광주광역시 동구 계림동,1827,1827,0,그랜드센트럴,39.8652,202402,27,"27,500",-,13,개인,법인,2020,경양로 234,-,직거래,-,-
95,광주광역시 동구 계림동,1827,1827,0,그랜드센트럴,39.8652,202402,27,"28,500",-,6,개인,법인,2020,경양로 234,-,직거래,-,-
96,광주광역시 동구 계림동,1827,1827,0,그랜드센트럴,39.8652,202402,27,"29,000",-,22,개인,법인,2020,경양로 234,-,직거래,-,-
97,광주광역시 동구 계림동,1827,1827,0,그랜드센트럴,39.8652,202402,27,"28,700",108,25,개인,법인,2020,경양로 234,-,직거래,-,24.03.20
98,광주광역시 동구 계림동,1827,1827,0,그랜드센트럴,39.8652,202402,28,"28,700",-,23,개인,법인,2020,경양로 234,20240507,직거래,-,-
99,광주광역시 동구 계림동,1827,1827,0,그랜드센트럴,39.8652,202402,28,"27,500",108,16,개인,법인,2020,경양로 234,-,직거래,-,24.03.27
100,광주광역시 동구 계림동,52,52,0,두산위브,84.8686,202402,29,"32,500",102,19,개인,개인,2007,무등로 374,-,중개거래,광주 동구,24.04.03
101,광주광역시 동구 계림동,1827,1827,0,그랜드센트럴,39.8652,202402,29,"27,500",-,5,개인,법인,2020,경양로 234,-,직거래,-,-
102,광주광역시 동구 계림동,1827,1827,0,그랜드센트럴,39.8652,202402,29,"27,500",-,12,개인,법인,2020,경양로 234,-,직거래,-,-
103,광주광역시 동구 계림동,1827,1827,0,그랜드센트럴,39.8652,202402,29,"28,500",-,8,개인,법인,2020,경양로 234,-,직거래,-,-
104,광주광역시 동구 계림동,1827,1827,0,그랜드센트럴,39.8652,202402,29,"29,000",-,24,개인,법인,2020,경양로 234,-,직거래,-,-
105,광주광역시 동구 계림동,1827,1827,0,그랜드센트럴,39.8652,202403,1,"27,500",108,19,개인,법인,2020,경양로 234,-,직거래,-,24.03.29
106,광주광역시 동구 계림동,1827,1827,0,그랜드센트럴,39.8652,202403,1,"27,500",-,17,개인,법인,2020,경양로 234,-,직거래,-,-
107,광주광역시 동구 계림동,1827,1827,0,그랜드센트럴,39.8652,202403,1,"29,000",108,23,개인,법인,2020,경양로 234,-,직거래,-,24.03.29
108,광주광역시 동구 계림동,1827,1827,0,그랜드센트럴,75.9789,202403,2,"46,500",119,16,개인,개인,2020,경양로 234,-,중개거래,광주 동구,24.04.29
109,광주광역시 동구 계림동,52,52,0,두산위브,84.8686,202403,2,"33,000",106,11,개인,개인,2007,무등로 374,-,중개거래,광주 동구,24.04.30
110,광주광역시 동구 계림동,1827,1827,0,그랜드센트럴,39.8652,202403,2,"27,500",-,6,개인,법인,2020,경양로 234,20240507,직거래,-,-
111,광주광역시 동구 계림동,1827,1827,0,그랜드센트럴,39.8652,202403,2,"27,000",-,5,개인,법인,2020,경양로 234,-,직거래,-,-
112,광주광역시 동구 계림동,1827,1827,0,그랜드센트럴,39.8652,202403,4,"28,700",-,21,개인,법인,2020,경양로 234,-,직거래,-,-
113,광주광역시 동구 계림동,100-1,100,1,금호,134.76,202403,5,"45,500",109,15,개인,개인,1996,필문대로 12-7,-,중개거래,광주 동구,24.04.25
114,광주광역시 동구 계림동,1827,1827,0,그랜드센트럴,84.949,202403,5,"51,000",101,18,개인,개인,2020,경양로 234,-,중개거래,"광주 동구, 광주 북구",24.03.25
115,광주광역시 동구 계림동,1827,1827,0,그랜드센트럴,39.8652,202403,5,"27,500",-,6,개인,법인,2020,경양로 234,-,직거래,-,-
116,광주광역시 동구 계림동,1827,1827,0,그랜드센트럴,39.8652,202403,5,"29,000",108,25,개인,법인,2020,경양로 234,-,직거래,-,24.03.29
117,광주광역시 동구 계림동,1827,1827,0,그랜드센트럴,39.8652,202403,6,"27,500",108,16,개인,법인,2020,경양로 234,-,직거래,-,24.04.05
118,광주광역시 동구 계림동,1827,1827,0,그랜드센트럴,59.9048,202403,7,"38,500",117,15,개인,개인,2020,경양로 234,-,중개거래,광주 동구,24.04.22
119,광주광역시 동구 계림동,1827,1827,0,그랜드센트럴,39.8652,202403,7,"27,500",-,8,개인,법인,2020,경양로 234,20240507,직거래,-,-
120,광주광역시 동구 계림동,1827,1827,0,그랜드센트럴,39.8652,202403,7,"28,500",-,10,개인,법인,2020,경양로 234,-,직거래,-,-
121,광주광역시 동구 계림동,1827,1827,0,그랜드센트럴,39.8652,202403,7,"29,000",-,21,법인,법인,2020,경양로 234,-,직거래,-,-
122,광주광역시 동구 계림동,1827,1827,0,그랜드센트럴,39.8652,202403,8,"28,500",-,9,개인,법인,2020,경양로 234,20240507,직거래,-,-
123,광주광역시 동구 계림동,1827,1827,0,그랜드센트럴,39.8652,202403,8,"28,500",-,7,개인,법인,2020,경양로 234,-,직거래,-,-
124,광주광역시 동구 계림동,100-1,100,1,금호,84.93,202403,9,"26,500",105,8,개인,개인,1996,필문대로 12-7,-,중개거래,광주 동구,24.04.29
125,광주광역시 동구 계림동,1827,1827,0,그랜드센트럴,39.8652,202403,9,"27,500",-,6,개인,법인,2020,경양로 234,20240507,직거래,-,-
126,광주광역시 동구 계림동,1827,1827,0,그랜드센트럴,84.949,202403,9,"49,500",102,31,개인,개인,2020,경양로 234,-,중개거래,광주 동구,24.04.11
127,광주광역시 동구 계림동,100-1,100,1,금호,84.93,202403,9,"27,500",106,15,개인,개인,1996,필문대로 12-7,-,중개거래,광주 동구,24.03.13
128,광주광역시 동구 계림동,1827,1827,0,그랜드센트럴,39.8652,202403,9,"28,700",-,22,개인,법인,2020,경양로 234,-,직거래,-,-
129,광주광역시 동구 계림동,1827,1827,0,그랜드센트럴,59.9083,202403,10,"37,000",116,30,개인,개인,2020,경양로 234,-,중개거래,광주 동구,24.04.26
130,광주광역시 동구 계림동,1827,1827,0,그랜드센트럴,39.8652,202403,10,"29,000",-,26,개인,법인,2020,경양로 234,-,직거래,-,-
131,광주광역시 동구 계림동,1827,1827,0,그랜드센트럴,119.936,202403,11,"70,000",-,1,개인,개인,2020,경양로 234,-,중개거래,광주 동구,-
132,광주광역시 동구 계림동,1827,1827,0,그랜드센트럴,39.8652,202403,11,"27,500",-,11,개인,법인,2020,경양로 234,-,직거래,-,-
133,광주광역시 동구 계림동,1827,1827,0,그랜드센트럴,84.949,202403,12,"51,000",105,26,개인,개인,2020,경양로 234,-,중개거래,광주 동구,24.04.30
134,광주광역시 동구 계림동,1827,1827,0,그랜드센트럴,75.9867,202403,12,"48,000",107,29,개인,개인,2020,경양로 234,-,중개거래,"광주 동구, 광주 서구",24.04.09
135,광주광역시 동구 계림동,1827,1827,0,그랜드센트럴,39.8652,202403,12,"29,000",-,24,개인,법인,2020,경양로 234,-,직거래,-,-
136,광주광역시 동구 계림동,1845,1845,0,두산위브3차(두산위브더파크),59.9903,202403,13,"40,200",303,18,개인,개인,2021,중앙로290번길 16,-,중개거래,광주 동구,24.04.22
137,광주광역시 동구 계림동,1827,1827,0,그랜드센트럴,59.9083,202403,13,"36,500",115,15,개인,개인,2020,경양로 234,-,중개거래,"광주 동구, 광주 북구",24.04.18
138,광주광역시 동구 계림동,1827,1827,0,그랜드센트럴,39.8652,202403,14,"28,700",108,21,개인,법인,2020,경양로 234,-,직거래,-,24.04.05
139,광주광역시 동구 계림동,100-1,100,1,금호,59.85,202403,15,"22,000",102,8,개인,개인,1996,필문대로 12-7,-,중개거래,"광주 동구, 광주 북구",24.04.15
140,광주광역시 동구 계림동,1827,1827,0,그랜드센트럴,75.9867,202403,15,"44,800",112,28,개인,개인,2020,경양로 234,-,중개거래,"광주 동구, 광주 북구",24.05.08
141,광주광역시 동구 계림동,1827,1827,0,그랜드센트럴,75.9117,202403,15,"46,800",111,26,개인,개인,2020,경양로 234,-,중개거래,광주 동구,24.05.09
142,광주광역시 동구 계림동,1827,1827,0,그랜드센트럴,59.9048,202403,16,"37,500",115,20,개인,개인,2020,경양로 234,-,중개거래,광주 동구,24.04.17
143,광주광역시 동구 계림동,1827,1827,0,그랜드센트럴,39.8652,202403,16,"27,500",108,14,개인,법인,2020,경양로 234,-,직거래,-,24.04.05
144,광주광역시 동구 계림동,1827,1827,0,그랜드센트럴,39.8652,202403,16,"28,500",-,14,개인,법인,2020,경양로 234,-,직거래,-,-
145,광주광역시 동구 계림동,1869,1869,0,계림아이파크에스케이뷰,72.6919,202403,16,"54,000",-,18,개인,개인,2022,필문대로 70,-,중개거래,광주 동구,-
146,광주광역시 동구 계림동,1827,1827,0,그랜드센트럴,59.9055,202403,17,"37,000",118,17,개인,개인,2020,경양로 234,-,중개거래,광주 동구,24.04.16
147,광주광역시 동구 계림동,100-11,100,11,계림동금호2,59.703,202403,17,"18,750",3층옥상201,16,개인,개인,1998,중앙로 358,-,중개거래,"광주 동구, 전남 담양군",24.04.03
148,광주광역시 동구 계림동,175-7,175,7,SG빌리지,48.417,202403,18,"8,627",-,6,개인,법인,2018,중앙로 313,-,직거래,-,24.03.25
149,광주광역시 동구 계림동,175-7,175,7,SG빌리지,29.4889,202403,18,"5,123",-,10,개인,법인,2018,중앙로 313,-,직거래,-,24.03.25
150,광주광역시 동구 계림동,1827,1827,0,그랜드센트럴,75.9867,202403,19,"47,500",-,26,개인,개인,2020,경양로 234,-,중개거래,광주 동구,-
151,광주광역시 동구 계림동,1827,1827,0,그랜드센트럴,59.9055,202403,20,"37,000",117,28,개인,개인,2020,경양로 234,-,중개거래,광주 동구,24.04.30
152,광주광역시 동구 계림동,1827,1827,0,그랜드센트럴,75.9867,202403,20,"45,000",110,24,개인,개인,2020,경양로 234,-,직거래,-,24.03.21
153,광주광역시 동구 계림동,1827,1827,0,그랜드센트럴,59.9055,202403,20,"37,000",-,28,개인,개인,2020,경양로 234,20240328,중개거래,광주 동구,-
154,광주광역시 동구 계림동,1827,1827,0,그랜드센트럴,84.9647,202403,20,"52,000",-,26,개인,개인,2020,경양로 234,20240425,중개거래,광주 동구,-
155,광주광역시 동구 계림동,1827,1827,0,그랜드센트럴,75.9867,202403,21,"46,800",-,27,개인,개인,2020,경양로 234,20240411,중개거래,광주 동구,-
156,광주광역시 동구 계림동,1827,1827,0,그랜드센트럴,75.9867,202403,21,"46,800",109,27,개인,개인,2020,경양로 234,-,중개거래,"광주 광산구, 광주 동구",24.04.29
157,광주광역시 동구 계림동,1827,1827,0,그랜드센트럴,84.9647,202403,23,"48,000",104,12,개인,개인,2020,경양로 234,-,중개거래,"광주 광산구, 광주 동구",24.04.19
158,광주광역시 동구 계림동,1827,1827,0,그랜드센트럴,119.936,202403,25,"73,500",-,33,개인,개인,2020,경양로 234,-,직거래,-,-
159,광주광역시 동구 계림동,1815,1815,0,두산위브2차,84.9507,202403,26,"45,300",203동,19,개인,개인,2018,계림로30번길 15,-,중개거래,광주 동구,24.04.17
160,광주광역시 동구 계림동,1827,1827,0,그랜드센트럴,84.9647,202403,27,"46,700",101,3,개인,개인,2020,경양로 234,-,중개거래,광주 동구,24.05.03
161,광주광역시 동구 계림동,1815,1815,0,두산위브2차,84.9507,202403,27,"43,000",202동,8,개인,개인,2018,계림로30번길 15,-,중개거래,"광주 광산구, 광주 동구",24.04.12
162,광주광역시 동구 계림동,1827,1827,0,그랜드센트럴,75.9867,202403,28,"47,500",114,26,개인,개인,2020,경양로 234,-,중개거래,"광주 광산구, 광주 동구",24.05.08
163,광주광역시 동구 계림동,1827,1827,0,그랜드센트럴,75.9789,202403,29,"46,000",-,27,개인,개인,2020,경양로 234,-,중개거래,광주 동구,-
164,광주광역시 동구 계림동,1827,1827,0,그랜드센트럴,59.9048,202403,30,"37,000",-,23,개인,개인,2020,경양로 234,-,중개거래,광주 동구,-
165,광주광역시 동구 계림동,1827,1827,0,그랜드센트럴,59.9055,202404,1,"38,000",115,5,개인,개인,2020,경양로 234,-,중개거래,광주 동구,24.04.23
166,광주광역시 동구 계림동,1827,1827,0,그랜드센트럴,39.8652,202404,2,"28,500",-,19,개인,법인,2020,경양로 234,-,직거래,-,-
167,광주광역시 동구 계림동,1827,1827,0,그랜드센트럴,84.9647,202404,3,"51,000",106,12,개인,개인,2020,경양로 234,-,중개거래,광주 동구,24.04.26
168,광주광역시 동구 계림동,100-1,100,1,금호,59.85,202404,4,"22,000",103,11,개인,개인,1996,필문대로 12-7,-,중개거래,광주 동구,24.04.30
169,광주광역시 동구 계림동,100-1,100,1,금호,59.85,202404,5,"19,500",-,4,개인,개인,1996,필문대로 12-7,-,중개거래,광주 북구,-
170,광주광역시 동구 계림동,1869,1869,0,계림아이파크에스케이뷰,123.8681,202404,5,"105,000",-,5,개인,개인,2022,필문대로 70,-,중개거래,"광주 동구, 광주 북구",-
171,광주광역시 동구 계림동,1869,1869,0,계림아이파크에스케이뷰,84.9669,202404,6,"80,000",-,8,개인,개인,2022,필문대로 70,-,중개거래,광주 동구,-
172,광주광역시 동구 계림동,1815,1815,0,두산위브2차,84.5628,202404,6,"43,800",-,6,개인,개인,2018,계림로30번길 15,-,중개거래,"광주 동구, 광주 북구",-
173,광주광역시 동구 계림동,1869,1869,0,계림아이파크에스케이뷰,84.9669,202404,6,"76,000",-,10,개인,개인,2022,필문대로 70,-,중개거래,광주 동구,-
174,광주광역시 동구 계림동,1827,1827,0,그랜드센트럴,84.9647,202404,6,"50,200",101,21,개인,개인,2020,경양로 234,-,중개거래,광주 동구,24.05.10
175,광주광역시 동구 계림동,1827,1827,0,그랜드센트럴,39.8652,202404,8,"29,000",-,26,개인,법인,2020,경양로 234,-,직거래,-,-
176,광주광역시 동구 계림동,1869,1869,0,계림아이파크에스케이뷰,72.6919,202404,8,"53,000",-,12,개인,개인,2022,필문대로 70,-,중개거래,광주 동구,-
177,광주광역시 동구 계림동,1827,1827,0,그랜드센트럴,59.9083,202404,9,"37,000",117,19,개인,개인,2020,경양로 234,-,중개거래,광주 동구,24.04.25
178,광주광역시 동구 계림동,1827,1827,0,그랜드센트럴,39.8652,202404,9,"28,500",-,11,개인,법인,2020,경양로 234,-,직거래,-,-
179,광주광역시 동구 계림동,1815,1815,0,두산위브2차,84.9507,202404,13,"46,200",201동,8,개인,개인,2018,계림로30번길 15,-,중개거래,광주 동구,24.05.10
180,광주광역시 동구 계림동,1815,1815,0,두산위브2차,84.9765,202404,14,"48,300",-,14,개인,개인,2018,계림로30번길 15,-,중개거래,광주 동구,-
181,광주광역시 동구 계림동,1827,1827,0,그랜드센트럴,84.9647,202404,15,"50,000",106,29,개인,개인,2020,경양로 234,-,직거래,-,24.04.17
182,광주광역시 동구 계림동,1869,1869,0,계림아이파크에스케이뷰,84.9669,202404,18,"72,200",-,9,개인,개인,2022,필문대로 70,-,중개거래,광주 동구,-
183,광주광역시 동구 계림동,1845,1845,0,두산위브3차(두산위브더파크),59.9903,202404,20,"39,500",-,21,개인,개인,2021,중앙로290번길 16,-,중개거래,광주 동구,-
184,광주광역시 동구 계림동,1827,1827,0,그랜드센트럴,75.9117,202404,20,"46,500",-,22,개인,개인,2020,경양로 234,-,중개거래,광주 동구,-
185,광주광역시 동구 계림동,1827,1827,0,그랜드센트럴,84.9647,202404,22,"53,700",-,32,개인,개인,2020,경양로 234,-,중개거래,광주 동구,-
186,광주광역시 동구 계림동,100-11,100,11,계림동금호2,84.78,202404,22,"24,900",3층옥상203,15,개인,개인,1998,중앙로 358,-,직거래,-,24.05.10
187,광주광역시 동구 계림동,52,52,0,두산위브,84.8686,202404,23,"33,500",-,3,개인,개인,2007,무등로 374,-,중개거래,광주 동구,-
188,광주광역시 동구 계림동,1827,1827,0,그랜드센트럴,75.9117,202404,24,"45,000",-,4,개인,개인,2020,경양로 234,-,중개거래,광주 동구,-
189,광주광역시 동구 계림동,1827,1827,0,그랜드센트럴,75.9789,202404,24,"46,800",-,20,개인,개인,2020,경양로 234,-,중개거래,광주 동구,-
190,광주광역시 동구 계림동,1827,1827,0,그랜드센트럴,75.9867,202404,25,"46,000",-,26,개인,개인,2020,경양로 234,-,중개거래,광주 동구,-
191,광주광역시 동구 계림동,52,52,0,두산위브,84.8686,202404,25,"33,500",-,19,개인,개인,2007,무등로 374,-,중개거래,광주 동구,-
192,광주광역시 동구 계림동,1827,1827,0,그랜드센트럴,75.9789,202404,28,"46,000",-,26,개인,개인,2020,경양로 234,-,중개거래,광주 동구,-
193,광주광역시 동구 계림동,1845,1845,0,두산위브3차(두산위브더파크),84.9738,202404,29,"52,200",-,2,개인,개인,2021,중앙로290번길 16,-,중개거래,광주 동구,-
194,광주광역시 동구 계림동,175-7,175,7,SG빌리지,48.417,202404,30,"8,600",-,6,개인,개인,2018,중앙로 313,-,직거래,-,24.05.07
195,광주광역시 동구 계림동,1827,1827,0,그랜드센트럴,84.949,202405,9,"51,200",-,31,개인,개인,2020,경양로 234,-,중개거래,광주 동구,-
196,광주광역시 동구 계림동,1845,1845,0,두산위브3차(두산위브더파크),84.9738,202402,14,"55,000",-,10,개인,개인,2021,중앙로290번길 16,-,중개거래,광주 동구,-
197,광주광역시 동구 계림동,100-1,100,1,금호,59.85,202405,2,"19,950",103,12,개인,법인,1996,필문대로 12-7,-,중개거래,광주 동구,24.05.14
198,광주광역시 동구 계림동,1815,1815,0,두산위브2차,84.9765,202403,20,"47,000",205동,6,개인,개인,2018,계림로30번길 15,-,중개거래,광주 동구,24.05.17
199,광주광역시 동구 계림동,1827,1827,0,그랜드센트럴,59.9083,202405,18,"37,000",-,26,개인,개인,2020,경양로 234,-,중개거래,광주 동구,-
200,광주광역시 동구 계림동,100-1,100,1,금호,59.85,202405,14,"20,500",-,15,개인,개인,1996,필문대로 12-7,-,중개거래,"광주 동구, 광주 북구",-
201,광주광역시 동구 계림동,1827,1827,0,그랜드센트럴,75.9117,202403,29,"46,800",107,24,개인,개인,2020,경양로 234,-,중개거래,광주 동구,24.05.21
202,광주광역시 동구 계림동,52,52,0,두산위브,113.8106,202404,29,"45,000",111,9,개인,개인,2007,무등로 374,-,직거래,-,24.05.22
203,광주광역시 동구 계림동,52,52,0,두산위브,84.8686,202405,3,"33,000",102,10,개인,개인,2007,무등로 374,-,직거래,-,24.05.22
204,광주광역시 동구 계림동,100-1,100,1,금호,59.85,202401,20,"21,000",108,14,개인,개인,1996,필문대로 12-7,-,중개거래,광주 동구,24.02.02
205,광주광역시 동구 계림동,1845,1845,0,두산위브3차(두산위브더파크),84.9706,202401,13,"53,500",-,9,개인,개인,2021,중앙로290번길 16,-,직거래,-,-
206,광주광역시 동구 계림동,1827,1827,0,그랜드센트럴,39.8652,202401,5,"28,700",108,25,개인,법인,2020,경양로 234,-,직거래,-,24.02.05
207,광주광역시 동구 계림동,1869,1869,0,계림아이파크에스케이뷰,76.9879,202402,20,"64,000",-,25,개인,개인,2022,필문대로 70,-,중개거래,광주 동구,-
208,광주광역시 동구 산수동,730,730,0,명지로드힐포레,74.1309,202404,4,"28,000",-,6,개인,법인,2021,밤실로90번길 20,-,중개거래,광주 서구,-
209,광주광역시 동구 산수동,723,723,0,무등산그린웰로제비앙,64.5262,202403,9,"36,200",109,17,개인,개인,2019,동계로 38,-,중개거래,광주 동구,24.04.26
210,광주광역시 동구 산수동,723,723,0,무등산그린웰로제비앙,84.8445,202404,15,"44,500",-,6,개인,개인,2019,동계로 38,-,중개거래,광주 동구,-
211,광주광역시 동구 산수동,568-1,568,1,금호두암타운,134.79,202401,9,"32,500",113,4,개인,개인,1993,밤실로 147,-,중개거래,광주 동구,24.02.26
212,광주광역시 동구 산수동,689,689,0,두암그린파크,84.9,202403,23,"18,000",102,14,개인,개인,1995,밤실로 150,-,중개거래,광주 동구,24.04.30
213,광주광역시 동구 산수동,723,723,0,무등산그린웰로제비앙,114.924,202404,12,"70,000",-,12,개인,개인,2019,동계로 38,-,중개거래,광주 동구,-
214,광주광역시 동구 산수동,568-1,568,1,금호두암타운,94.58,202405,1,"23,000",-,10,개인,개인,1993,밤실로 147,-,중개거래,광주 동구,-
215,광주광역시 동구 산수동,568-1,568,1,금호두암타운,94.58,202405,11,"23,900",-,11,개인,개인,1993,밤실로 147,-,중개거래,광주 동구,-
216,광주광역시 동구 산수동,689,689,0,두암그린파크,84.9,202401,12,"19,500",107,11,개인,개인,1995,밤실로 150,-,직거래,-,24.03.19
217,광주광역시 동구 산수동,723,723,0,무등산그린웰로제비앙,84.9377,202401,13,"39,000",110,3,개인,개인,2019,동계로 38,-,중개거래,광주 동구,24.03.08
218,광주광역시 동구 산수동,723,723,0,무등산그린웰로제비앙,64.5262,202401,17,"37,200",109,19,개인,개인,2019,동계로 38,-,중개거래,광주 동구,24.02.26
219,광주광역시 동구 산수동,723,723,0,무등산그린웰로제비앙,84.9377,202401,28,"43,300",110,3,개인,개인,2019,동계로 38,-,중개거래,광주 동구,24.03.28
220,광주광역시 동구 산수동,568-1,568,1,금호두암타운,94.57,202402,3,"30,000",107,15,개인,개인,1993,밤실로 147,-,직거래,-,24.02.06
221,광주광역시 동구 산수동,689,689,0,두암그린파크,84.9,202402,3,"18,000",102,4,개인,개인,1995,밤실로 150,-,중개거래,광주 동구,24.03.06
222,광주광역시 동구 산수동,723,723,0,무등산그린웰로제비앙,84.9377,202402,4,"45,000",104,2,개인,개인,2019,동계로 38,-,중개거래,광주 동구,24.04.30
223,광주광역시 동구 산수동,689,689,0,두암그린파크,84.99,202402,15,"17,500",105,4,개인,개인,1995,밤실로 150,-,중개거래,광주 동구,24.04.17
224,광주광역시 동구 산수동,Mar-79,79,3,무등파크,80.32,202402,15,"13,500",-,5,개인,개인,1987,무등로 548,-,중개거래,광주 동구,-
225,광주광역시 동구 산수동,568-1,568,1,금호두암타운,94.58,202402,18,"21,000",109,5,개인,개인,1993,밤실로 147,-,직거래,-,24.02.27
226,광주광역시 동구 산수동,84,84,0,광명,59.91,202402,23,"13,000",101,3,개인,개인,1995,무등로 532,-,중개거래,광주 동구,24.03.29
227,광주광역시 동구 산수동,723,723,0,무등산그린웰로제비앙,64.5262,202402,24,"36,000",109,20,개인,개인,2019,동계로 38,-,중개거래,광주 동구,24.03.27
228,광주광역시 동구 산수동,568-1,568,1,금호두암타운,94.58,202403,2,"26,000",110,7,개인,개인,1993,밤실로 147,-,중개거래,광주 동구,24.04.29
229,광주광역시 동구 산수동,715,715,0,라도스하임,84.9636,202403,7,"27,400",-,2,개인,개인,2017,필문대로192번길 21,-,중개거래,광주 동구,24.04.22
230,광주광역시 동구 산수동,730,730,0,명지로드힐포레,74.1309,202403,11,"34,300",104동,13,개인,개인,2021,밤실로90번길 20,-,직거래,-,24.03.11
231,광주광역시 동구 산수동,723,723,0,무등산그린웰로제비앙,84.9377,202403,16,"43,800",107,22,개인,개인,2019,동계로 38,-,중개거래,광주 동구,24.04.08
232,광주광역시 동구 산수동,568-1,568,1,금호두암타운,134.79,202403,19,"31,000",112,13,개인,개인,1993,밤실로 147,-,중개거래,광주 동구,24.04.03
233,광주광역시 동구 산수동,12,12,0,동산로얄,84.94,202403,28,"12,000",11,3,개인,개인,1989,밤실로82번길 23,-,직거래,-,24.04.02
234,광주광역시 동구 산수동,12,12,0,동산로얄,84.94,202404,1,"12,500",-,6,개인,개인,1989,밤실로82번길 23,-,중개거래,광주 동구,-
235,광주광역시 동구 산수동,568-1,568,1,금호두암타운,94.58,202404,3,"24,900",-,4,개인,개인,1993,밤실로 147,-,중개거래,"광주 동구, 광주 서구",-
236,광주광역시 동구 산수동,723,723,0,무등산그린웰로제비앙,84.9676,202404,4,"44,000",110,10,개인,개인,2019,동계로 38,-,중개거래,광주 동구,24.04.23
237,광주광역시 동구 산수동,689,689,0,두암그린파크,84.9,202404,5,"17,000",-,14,개인,개인,1995,밤실로 150,-,중개거래,광주 동구,-
238,광주광역시 동구 산수동,723,723,0,무등산그린웰로제비앙,64.5262,202404,5,"36,000",-,14,개인,개인,2019,동계로 38,-,중개거래,광주 동구,-
239,광주광역시 동구 산수동,723,723,0,무등산그린웰로제비앙,64.5262,202404,7,"34,800",-,3,개인,개인,2019,동계로 38,-,중개거래,광주 동구,-
240,광주광역시 동구 산수동,84,84,0,광명,144.035,202404,7,"31,750",-,11,개인,개인,1995,무등로 532,-,중개거래,광주 동구,-
241,광주광역시 동구 산수동,723,723,0,무등산그린웰로제비앙,84.9377,202404,8,"43,700",104,14,개인,개인,2019,동계로 38,-,중개거래,광주 동구,24.04.29
242,광주광역시 동구 산수동,84,84,0,광명,59.91,202404,10,"13,000",-,3,개인,개인,1995,무등로 532,-,중개거래,광주 동구,-
243,광주광역시 동구 산수동,723,723,0,무등산그린웰로제비앙,84.9676,202404,13,"43,000",-,5,개인,개인,2019,동계로 38,-,중개거래,광주 동구,-
244,광주광역시 동구 산수동,723,723,0,무등산그린웰로제비앙,84.9676,202404,13,"44,800",-,19,개인,개인,2019,동계로 38,-,중개거래,광주 동구,-
245,광주광역시 동구 산수동,84,84,0,광명,59.91,202404,15,"16,000",101,10,개인,개인,1995,무등로 532,-,중개거래,광주 동구,24.04.25
246,광주광역시 동구 산수동,723,723,0,무등산그린웰로제비앙,84.8445,202404,22,"45,900",-,13,개인,개인,2019,동계로 38,-,중개거래,광주 동구,-
247,광주광역시 동구 산수동,12,12,0,동산로얄,116.28,202404,23,"20,000",-,8,개인,개인,1989,밤실로82번길 23,-,중개거래,광주 동구,-
248,광주광역시 동구 산수동,568-1,568,1,금호두암타운,94.58,202404,29,"22,000",109,2,개인,개인,1993,밤실로 147,-,직거래,-,24.05.07
249,광주광역시 동구 산수동,723,723,0,무등산그린웰로제비앙,84.9377,202404,30,"43,000",-,6,개인,개인,2019,동계로 38,-,중개거래,광주 동구,-
250,광주광역시 동구 산수동,Mar-79,79,3,무등파크,84.93,202403,18,"17,000",-,12,개인,개인,1987,무등로 548,-,중개거래,광주 동구,24.05.13
251,광주광역시 동구 산수동,723,723,0,무등산그린웰로제비앙,64.5262,202404,12,"36,800",106,19,개인,개인,2019,동계로 38,-,중개거래,광주 동구,24.05.16
252,광주광역시 동구 산수동,568-1,568,1,금호두암타운,94.58,202404,22,"24,000",109,9,개인,개인,1993,밤실로 147,-,중개거래,광주 동구,24.05.17
253,광주광역시 동구 산수동,730,730,0,명지로드힐포레,74.1309,202404,4,"28,000",101동,6,개인,법인,2021,밤실로90번길 20,-,중개거래,"광주 북구, 광주 서구",24.05.17
254,광주광역시 동구 산수동,730,730,0,명지로드힐포레,74.1309,202405,20,"30,500",-,9,개인,개인,2021,밤실로90번길 20,-,중개거래,"광주 남구, 광주 동구",-
255,광주광역시 동구 산수동,716,716,0,무등산광신프로그레스,84.9193,202405,4,"35,300",103동,9,개인,개인,2018,밤실로 100,-,중개거래,광주 동구,24.05.21
256,광주광역시 동구 산수동,723,723,0,무등산그린웰로제비앙,84.8445,202403,25,"45,000",108,6,개인,개인,2019,동계로 38,-,중개거래,광주 동구,24.05.22
257,광주광역시 동구 산수동,723,723,0,무등산그린웰로제비앙,84.9377,202404,26,"44,500",104,23,개인,개인,2019,동계로 38,-,중개거래,광주 동구,24.05.22
258,광주광역시 동구 산수동,723,723,0,무등산그린웰로제비앙,84.8445,202401,26,"43,000",112,15,개인,개인,2019,동계로 38,-,중개거래,광주 동구,24.01.26
259,광주광역시 동구 산수동,Mar-79,79,3,무등파크,84.93,202401,29,"18,000",-,10,개인,개인,1987,무등로 548,-,직거래,-,24.01.30
260,광주광역시 동구 지산동,315-1,315,1,삼성,84.945,202401,19,"25,000",4,4,개인,개인,1991,밤실로30번길 11,-,중개거래,광주 동구,24.02.16
261,광주광역시 동구 지산동,산1-9,1,9,제일맨션,65.76,202402,20,"8,000",1,3,개인,개인,2003,밤실로 52,-,직거래,-,24.02.28
262,광주광역시 동구 지산동,315-1,315,1,삼성,84.945,202402,28,"18,000",2,1,개인,개인,1991,밤실로30번길 11,-,중개거래,광주 동구,24.04.29
263,광주광역시 동구 지산동,671,671,0,지산휴먼시아,84.99,202402,28,"36,000",104,1,개인,개인,2010,동명로69번길 20,-,직거래,-,24.03.27
264,광주광역시 동구 지산동,671,671,0,지산휴먼시아,84.96,202403,15,"35,000",-,4,개인,개인,2010,동명로69번길 20,-,중개거래,광주 동구,-
265,광주광역시 동구 지산동,671,671,0,지산휴먼시아,84.96,202403,18,"36,200",-,11,개인,개인,2010,동명로69번길 20,-,중개거래,광주 동구,-
266,광주광역시 동구 지산동,315-1,315,1,삼성,127.67,202405,20,"29,400",-,11,개인,개인,1991,밤실로30번길 11,-,직거래,-,-
267,광주광역시 동구 지산동,671,671,0,지산휴먼시아,84.96,202403,18,"36,200",102,15,개인,개인,2010,동명로69번길 20,-,중개거래,광주 동구,24.05.23
268,광주광역시 동구 지산동,671,671,0,지산휴먼시아,84.96,202403,18,"36,200",103,11,개인,개인,2010,동명로69번길 20,-,중개거래,광주 동구,24.05.23
269,광주광역시 동구 소태동,618,618,0,백조맨션,55.31,202401,19,"8,500",A,5,개인,개인,1983,학소로76번길 2,-,직거래,-,24.01.19
270,광주광역시 동구 소태동,480-2,480,2,대아1차,134.9,202405,4,"19,000",-,1,개인,개인,1993,지원로 35,-,중개거래,광주 동구,-
271,광주광역시 동구 소태동,480-2,480,2,대아1차,84.98,202405,4,"14,800",-,10,개인,개인,1993,지원로 35,-,중개거래,광주 동구,-
272,광주광역시 동구 소태동,443,443,0,진아하이빌,83.3199,202403,29,"24,500",201,14,개인,개인,2003,학소로42번길 12,-,중개거래,광주 동구,24.05.03
273,광주광역시 동구 소태동,1103,1103,0,무등산골드클래스,73.8853,202405,1,"41,600",-,14,개인,개인,2018,학소로 109,-,중개거래,광주 동구,-
274,광주광역시 동구 소태동,1103,1103,0,무등산골드클래스,73.906,202401,5,"43,000",109동,13,개인,개인,2018,학소로 109,-,중개거래,"광주 광산구, 광주 동구",24.02.26
275,광주광역시 동구 소태동,615-1,615,1,진아하이빌1차,38.25,202401,14,"9,100",101,4,개인,개인,1998,학소로 65,-,중개거래,광주 동구,24.03.07
276,광주광역시 동구 소태동,1103,1103,0,무등산골드클래스,59.9834,202401,16,"35,500",107동,20,개인,개인,2018,학소로 109,-,중개거래,광주 동구,24.02.23
277,광주광역시 동구 소태동,1103,1103,0,무등산골드클래스,84.9603,202402,2,"46,900",106동,4,개인,개인,2018,학소로 109,-,중개거래,광주 동구,24.02.29
278,광주광역시 동구 소태동,1103,1103,0,무등산골드클래스,73.906,202402,7,"40,000",107동,15,개인,개인,2018,학소로 109,-,중개거래,광주 동구,24.03.18
279,광주광역시 동구 소태동,1103,1103,0,무등산골드클래스,84.9603,202402,7,"49,500",106동,3,개인,개인,2018,학소로 109,-,직거래,-,24.02.29
280,광주광역시 동구 소태동,1113,1113,0,e편한세상무등산,113.9295,202402,8,"65,500",102동,8,개인,개인,2022,지원로42번길 10,-,직거래,-,24.03.07
281,광주광역시 동구 소태동,1103,1103,0,무등산골드클래스,73.8853,202402,14,"39,200",101동,19,개인,개인,2018,학소로 109,-,중개거래,광주 동구,24.03.08
282,광주광역시 동구 소태동,1103,1103,0,무등산골드클래스,73.8853,202402,17,"36,900",101동,5,개인,개인,2018,학소로 109,-,중개거래,"광주 동구, 광주 서구",24.03.18
283,광주광역시 동구 소태동,1103,1103,0,무등산골드클래스,84.9603,202402,24,"48,000",104동,2,개인,개인,2018,학소로 109,-,중개거래,광주 동구,24.04.16
284,광주광역시 동구 소태동,1103,1103,0,무등산골드클래스,73.8853,202402,29,"41,800",102동,9,개인,개인,2018,학소로 109,-,중개거래,"광주 동구, 광주 서구",24.05.03
285,광주광역시 동구 소태동,501,501,0,모아미래도,84.64,202403,6,"22,300",104,10,개인,개인,2003,학소로76번길 14,-,중개거래,광주 동구,24.04.19
286,광주광역시 동구 소태동,1103,1103,0,무등산골드클래스,59.9834,202403,9,"33,800",105동,17,개인,개인,2018,학소로 109,-,중개거래,"광주 남구, 광주 동구",24.05.09
287,광주광역시 동구 소태동,691,691,0,온세계아이조움,84.9453,202403,16,"28,500",101,9,개인,개인,2006,남문로 550,-,중개거래,광주 동구,24.05.10
288,광주광역시 동구 소태동,501,501,0,모아미래도,84.64,202403,17,"22,500",102,3,개인,개인,2003,학소로76번길 14,-,중개거래,광주 광산구,24.04.05
289,광주광역시 동구 소태동,1103,1103,0,무등산골드클래스,73.906,202403,20,"37,000",106동,3,개인,개인,2018,학소로 109,-,중개거래,광주 동구,24.04.19
290,광주광역시 동구 소태동,501,501,0,모아미래도,72.58,202403,23,"21,800",-,11,개인,개인,2003,학소로76번길 14,-,중개거래,광주 동구,-
291,광주광역시 동구 소태동,1103,1103,0,무등산골드클래스,59.9834,202403,29,"33,700",101동,9,개인,개인,2018,학소로 109,-,중개거래,광주 동구,24.04.30
292,광주광역시 동구 소태동,501,501,0,모아미래도,84.64,202403,30,"21,800",101,3,개인,개인,2003,학소로76번길 14,-,중개거래,광주 동구,24.04.23
293,광주광역시 동구 소태동,480-2,480,2,대아1차,84.98,202404,5,"15,000",-,18,개인,개인,1993,지원로 35,-,중개거래,광주 동구,-
294,광주광역시 동구 소태동,443,443,0,진아하이빌,59.9611,202404,17,"19,500",-,8,개인,개인,2003,학소로42번길 12,-,중개거래,광주 동구,-
295,광주광역시 동구 소태동,1103,1103,0,무등산골드클래스,59.9834,202404,20,"34,500",-,11,개인,개인,2018,학소로 109,-,중개거래,광주 동구,-
296,광주광역시 동구 소태동,1103,1103,0,무등산골드클래스,84.9603,202404,27,"52,300",-,15,개인,개인,2018,학소로 109,-,중개거래,광주 동구,-
297,광주광역시 동구 소태동,501,501,0,모아미래도,84.64,202404,30,"20,500",-,1,개인,개인,2003,학소로76번길 14,-,중개거래,광주 동구,-
298,광주광역시 동구 소태동,761-3,761,3,무등산아델리움,144.2784,202405,1,"63,800",-,9,개인,개인,2009,의재로 120,-,중개거래,광주 동구,-
299,광주광역시 동구 소태동,1103,1103,0,무등산골드클래스,84.9603,202403,23,"51,500",109동,13,개인,개인,2018,학소로 109,-,중개거래,광주 동구,24.05.17
300,광주광역시 동구 소태동,480-2,480,2,대아1차,84.98,202405,9,"15,000",-,7,개인,개인,1993,지원로 35,-,중개거래,광주 동구,-
301,광주광역시 동구 소태동,615-1,615,1,진아하이빌1차,38.25,202405,16,"8,300",-,10,개인,개인,1998,학소로 65,-,중개거래,광주 동구,-
302,광주광역시 동구 소태동,1103,1103,0,무등산골드클래스,59.9834,202405,20,"31,800",-,3,개인,개인,2018,학소로 109,-,중개거래,광주 동구,-
303,광주광역시 동구 소태동,1113,1113,0,e편한세상무등산,84.9508,202401,5,"43,000",106동,4,개인,개인,2022,지원로42번길 10,-,중개거래,광주 북구,24.01.31
304,광주광역시 동구 운림동,567-1,567,1,라인광명,178.2,202404,5,"40,000",-,10,개인,개인,1997,운림길 58,-,중개거래,광주 동구,-
305,광주광역시 동구 운림동,588,588,0,무등스위트맨션,84.95,202404,13,"21,250",-,9,개인,개인,1995,운림길 68,-,중개거래,광주 동구,-
306,광주광역시 동구 운림동,689,689,0,운림글로벌,84.8047,202401,5,"31,000",101,2,개인,개인,2005,의재로 161,-,중개거래,광주 동구,24.01.30
307,광주광역시 동구 운림동,654,654,0,라인2차,160.02,202401,10,"43,250",201,11,개인,개인,1992,의재로 149-7,-,중개거래,광주 동구,24.04.22
308,광주광역시 동구 운림동,588,588,0,무등스위트맨션,60,202401,10,"13,000",101,11,개인,개인,1995,운림길 68,-,중개거래,광주 동구,24.02.23
309,광주광역시 동구 운림동,567-1,567,1,라인광명,84.87,202401,16,"17,500",302,1,개인,개인,1997,운림길 58,-,직거래,-,24.01.16
310,광주광역시 동구 운림동,583,583,0,라인1차,84.7,202403,23,"17,000",103,2,개인,개인,1991,운림길 71,-,중개거래,광주 동구,24.04.25
311,광주광역시 동구 운림동,654,654,0,라인2차,84.7,202403,23,"19,000",-,3,개인,개인,1992,의재로 149-7,-,중개거래,광주 동구,-
312,광주광역시 동구 운림동,598,598,0,남해오네뜨빌,150.78,202404,11,"43,500",-,2,개인,개인,2006,운림길 27,-,중개거래,광주 동구,-
313,광주광역시 동구 운림동,583,583,0,라인1차,133.11,202404,13,"25,000",101,9,개인,개인,1991,운림길 71,-,중개거래,광주 동구,24.05.07
314,광주광역시 동구 운림동,603,603,0,무등파크맨션1차,119.83,202404,24,"19,000",-,3,개인,개인,1990,운림길 23,20240426,중개거래,경기 용인시기흥구,-
315,광주광역시 동구 운림동,603,603,0,무등파크맨션1차,84.92,202405,1,"18,700",-,11,개인,개인,1990,운림길 23,-,중개거래,광주 동구,-
316,광주광역시 동구 운림동,628,628,0,무등파크맨션3차,59.76,202405,10,"14,500",301,5,개인,개인,1994,의재로 123,-,중개거래,광주 동구,24.05.16
317,광주광역시 동구 운림동,588,588,0,무등스위트맨션,84.95,202405,18,"20,900",-,5,개인,개인,1995,운림길 68,-,중개거래,광주 동구,-
318,광주광역시 동구 학동,262-1,262,1,금호베스트빌,164.9962,202402,8,"60,000",-,11,개인,개인,2002,증심천로 88,20240311,중개거래,광주 서구,-
319,광주광역시 동구 학동,676-1,676,1,아남,59.06,202401,7,"14,000",-,19,개인,개인,1994,의재로 23-8,20240229,중개거래,광주 동구,-
320,광주광역시 동구 학동,623,623,0,학1마을,59.7,202405,3,"20,000",-,15,개인,개인,2007,남문로 734,-,중개거래,광주 동구,-
321,광주광역시 동구 학동,1020,1020,0,학동남해오네뜨,84.8577,202405,7,"27,000",-,12,개인,개인,2014,증심천로 117,-,중개거래,광주 남구,-
322,광주광역시 동구 학동,262-1,262,1,금호베스트빌,164.9962,202402,8,"55,000",101,11,개인,개인,2002,증심천로 88,-,중개거래,광주 서구,24.03.28
323,광주광역시 동구 학동,768,768,0,평화맨션,129.69,202403,7,"30,000",3,15,개인,개인,1984,학소로 125,-,직거래,-,24.04.12
324,광주광역시 동구 학동,1022,1022,0,무등산아이파크,74.9979,202405,4,"53,000",-,24,개인,개인,2017,남문로753번길 20,-,중개거래,광주 서구,-
325,광주광역시 동구 학동,1022,1022,0,무등산아이파크,84.8412,202405,4,"60,000",-,16,개인,개인,2017,남문로753번길 20,-,중개거래,광주 동구,-
326,광주광역시 동구 학동,1012,1012,0,무등산리버파크,84.96,202405,10,"33,300",-,5,개인,개인,2011,남문로693번길 11,-,중개거래,"광주 남구, 광주 동구",-
327,광주광역시 동구 학동,1012,1012,0,무등산리버파크,84.78,202405,9,"35,300",-,14,개인,개인,2011,남문로693번길 11,-,중개거래,광주 동구,-
328,광주광역시 동구 학동,750-1,750,1,삼익세라믹,125.95,202401,5,"42,300",2,2,개인,개인,1989,남문로 676,-,중개거래,광주 동구,24.04.30
329,광주광역시 동구 학동,262-1,262,1,금호베스트빌,164.9962,202401,12,"54,500",101,9,개인,개인,2002,증심천로 88,-,직거래,-,24.05.01
330,광주광역시 동구 학동,623,623,0,학1마을,59.7,202401,16,"20,800",103,10,개인,개인,2007,남문로 734,-,중개거래,"광주 동구, 광주 북구",24.02.16
331,광주광역시 동구 학동,1022,1022,0,무등산아이파크,84.7496,202401,20,"62,950",103동,14,개인,개인,2017,남문로753번길 20,-,중개거래,광주 동구,24.03.08
332,광주광역시 동구 학동,623,623,0,학1마을,59.97,202401,20,"21,000",102,10,개인,개인,2007,남문로 734,-,중개거래,"광주 광산구, 광주 동구",24.03.05
333,광주광역시 동구 학동,623,623,0,학1마을,51.93,202401,21,"19,500",104,13,개인,개인,2007,남문로 734,-,중개거래,광주 동구,24.02.15
334,광주광역시 동구 학동,623,623,0,학1마을,59.92,202401,23,"25,400",101,8,개인,개인,2007,남문로 734,-,중개거래,광주 동구,24.03.19
335,광주광역시 동구 학동,1022,1022,0,무등산아이파크,84.9287,202401,23,"67,700",106동,22,개인,개인,2017,남문로753번길 20,-,중개거래,광주 동구,24.03.08
336,광주광역시 동구 학동,676-1,676,1,아남,59.06,202401,27,"14,000",-,19,개인,개인,1994,의재로 23-8,-,중개거래,광주 동구,-
337,광주광역시 동구 학동,1022,1022,0,무등산아이파크,84.7496,202401,28,"64,800",109동,24,개인,개인,2017,남문로753번길 20,-,중개거래,"광주 동구, 광주 서구",24.04.01
338,광주광역시 동구 학동,1022,1022,0,무등산아이파크,84.9287,202401,28,"63,000",102동,5,개인,개인,2017,남문로753번길 20,-,중개거래,광주 동구,24.02.23
339,광주광역시 동구 학동,898-4,898,4,백화,58.32,202401,31,"11,000",101,7,개인,개인,1992,천변우로 603,-,중개거래,광주 동구,24.03.05
340,광주광역시 동구 학동,1022,1022,0,무등산아이파크,84.7496,202402,6,"63,500",110동,11,개인,개인,2017,남문로753번길 20,-,중개거래,광주 동구,24.02.29
341,광주광역시 동구 학동,623,623,0,학1마을,59.92,202402,6,"20,500",101,3,개인,개인,2007,남문로 734,-,중개거래,광주 동구,24.03.08
342,광주광역시 동구 학동,676-1,676,1,아남,59.06,202402,6,"15,000",-,2,개인,개인,1994,의재로 23-8,20240214,중개거래,광주 동구,-
343,광주광역시 동구 학동,262-1,262,1,금호베스트빌,126.274,202402,8,"42,500",103,17,개인,개인,2002,증심천로 88,-,중개거래,광주 동구,24.04.22
344,광주광역시 동구 학동,1022,1022,0,무등산아이파크,59.9066,202402,8,"51,500",105동,28,개인,개인,2017,남문로753번길 20,-,중개거래,광주 동구,24.03.18
345,광주광역시 동구 학동,1022,1022,0,무등산아이파크,74.8513,202402,13,"50,700",111동,11,개인,개인,2017,남문로753번길 20,-,중개거래,광주 동구,24.02.28
346,광주광역시 동구 학동,623,623,0,학1마을,84.8,202402,13,"25,000",-,15,개인,개인,2007,남문로 734,-,직거래,-,-
347,광주광역시 동구 학동,1022,1022,0,무등산아이파크,84.7496,202402,17,"65,000",102동,20,개인,개인,2017,남문로753번길 20,-,중개거래,광주 동구,24.04.09
348,광주광역시 동구 학동,1022,1022,0,무등산아이파크,84.8412,202402,20,"56,200",104동,4,개인,개인,2017,남문로753번길 20,-,중개거래,광주 동구,24.03.27
349,광주광역시 동구 학동,623,623,0,학1마을,51.93,202402,20,"19,500",104,12,개인,개인,2007,남문로 734,-,중개거래,광주 동구,24.04.16
350,광주광역시 동구 학동,768,768,0,평화맨션,84.51,202402,21,"19,700",3,3,개인,개인,1984,학소로 125,-,중개거래,광주 서구,24.03.18
351,광주광역시 동구 학동,750-1,750,1,삼익세라믹,84.87,202402,23,"25,500",3,7,개인,개인,1989,남문로 676,-,중개거래,광주 동구,24.03.29
352,광주광역시 동구 학동,676-1,676,1,아남,59.06,202402,24,"14,200",101,2,개인,개인,1994,의재로 23-8,-,직거래,-,24.03.08
353,광주광역시 동구 학동,1012,1012,0,무등산리버파크,84.96,202402,26,"34,700",206,8,개인,개인,2011,남문로693번길 11,-,중개거래,광주 동구,24.03.29
354,광주광역시 동구 학동,768,768,0,평화맨션,84.51,202402,27,"22,000",2,6,개인,개인,1984,학소로 125,-,직거래,-,24.03.07
355,광주광역시 동구 학동,1022,1022,0,무등산아이파크,84.9287,202403,2,"60,000",103동,29,개인,개인,2017,남문로753번길 20,-,중개거래,광주 동구,24.03.29
356,광주광역시 동구 학동,1022,1022,0,무등산아이파크,84.8412,202403,2,"60,000",-,13,개인,개인,2017,남문로753번길 20,20240304,중개거래,광주 동구,-
357,광주광역시 동구 학동,1012,1012,0,무등산리버파크,84.96,202403,5,"36,850",-,5,개인,개인,2011,남문로693번길 11,-,중개거래,광주 동구,-
358,광주광역시 동구 학동,1012,1012,0,무등산리버파크,84.96,202403,5,"36,850",201,5,개인,개인,2011,남문로693번길 11,-,중개거래,광주 동구,24.04.15
359,광주광역시 동구 학동,676-1,676,1,아남,59.06,202403,10,"15,000",101,2,개인,개인,1994,의재로 23-8,-,중개거래,광주 동구,24.04.19
360,광주광역시 동구 학동,1012,1012,0,무등산리버파크,84.8,202403,11,"35,000",201,9,개인,법인,2011,남문로693번길 11,-,직거래,-,24.04.04
361,광주광역시 동구 학동,1022,1022,0,무등산아이파크,84.8412,202403,13,"59,900",-,19,개인,개인,2017,남문로753번길 20,-,중개거래,광주 동구,-
362,광주광역시 동구 학동,676-1,676,1,아남,122.1,202403,18,"33,000",-,18,개인,개인,1994,의재로 23-8,-,중개거래,광주 동구,-
363,광주광역시 동구 학동,623,623,0,학1마을,59.97,202403,20,"20,500",102,3,개인,개인,2007,남문로 734,-,중개거래,광주 동구,24.04.01
364,광주광역시 동구 학동,676-1,676,1,아남,84.93,202404,10,"19,000",-,13,개인,개인,1994,의재로 23-8,-,중개거래,광주 동구,-
365,광주광역시 동구 학동,1022,1022,0,무등산아이파크,84.9511,202403,20,"66,500",108동,8,개인,개인,2017,남문로753번길 20,-,중개거래,광주 동구,24.04.15
366,광주광역시 동구 학동,676-1,676,1,아남,59.06,202403,27,"15,000",-,14,개인,개인,1994,의재로 23-8,-,중개거래,광주 동구,-
367,광주광역시 동구 학동,1012,1012,0,무등산리버파크,84.96,202403,28,"34,500",204,20,개인,개인,2011,남문로693번길 11,-,중개거래,광주 동구,24.04.22
368,광주광역시 동구 학동,1022,1022,0,무등산아이파크,84.8412,202404,9,"59,000",-,12,개인,개인,2017,남문로753번길 20,-,중개거래,광주 동구,-
369,광주광역시 동구 학동,898-4,898,4,백화,50.22,202404,16,"9,000",101,5,개인,개인,1992,천변우로 603,-,중개거래,광주 동구,24.04.30
370,광주광역시 동구 학동,623,623,0,학1마을,84.8,202404,22,"27,500",-,7,개인,개인,2007,남문로 734,20240507,중개거래,광주 동구,-
371,광주광역시 동구 학동,623,623,0,학1마을,84.8,202404,22,"27,500",103,7,개인,개인,2007,남문로 734,-,중개거래,광주 동구,24.05.08
372,광주광역시 동구 학동,623,623,0,학1마을,51.93,202404,25,"19,500",-,2,개인,개인,2007,남문로 734,-,중개거래,광주 동구,-
373,광주광역시 동구 학동,1022,1022,0,무등산아이파크,84.8412,202405,9,"60,000",-,24,개인,개인,2017,남문로753번길 20,-,중개거래,광주 동구,-
374,광주광역시 동구 학동,1022,1022,0,무등산아이파크,84.8412,202405,13,"60,000",-,29,개인,개인,2017,남문로753번길 20,-,중개거래,광주 동구,-
375,광주광역시 동구 학동,898-4,898,4,백화,40.5,202404,19,"7,700",-,12,개인,개인,1992,천변우로 603,-,중개거래,광주 동구,-
376,광주광역시 동구 학동,1022,1022,0,무등산아이파크,84.8412,202403,2,"60,000",-,13,개인,개인,2017,남문로753번길 20,20240521,중개거래,광주 동구,-
377,광주광역시 동구 학동,1022,1022,0,무등산아이파크,59.9066,202405,10,"49,000",-,13,개인,개인,2017,남문로753번길 20,-,중개거래,광주 동구,-
378,광주광역시 동구 학동,1022,1022,0,무등산아이파크,117.9841,202405,22,"95,000",-,8,개인,개인,2017,남문로753번길 20,-,직거래,-,-
379,광주광역시 동구 학동,1022,1022,0,무등산아이파크,84.8412,202405,4,"59,500",-,17,개인,개인,2017,남문로753번길 20,-,중개거래,광주 동구,-
380,광주광역시 동구 학동,1012,1012,0,무등산리버파크,84.98,202405,16,"37,500",-,21,개인,개인,2011,남문로693번길 11,-,중개거래,광주 동구,-
381,광주광역시 동구 학동,1012,1012,0,무등산리버파크,74.96,202401,19,"31,500",208,2,개인,개인,2011,남문로693번길 11,-,중개거래,광주 동구,24.05.22
382,광주광역시 동구 학동,1012,1012,0,무등산리버파크,84.96,202402,14,"35,000",208,13,개인,개인,2011,남문로693번길 11,-,중개거래,광주 동구,24.05.22
383,광주광역시 동구 학동,270,270,0,현대,59.36,202405,13,"15,300",-,11,개인,개인,1998,증심천로89번길 16,-,중개거래,광주 동구,-
384,광주광역시 동구 학동,676-1,676,1,아남,59.76,202405,9,"13,000",101,11,개인,개인,1994,의재로 23-8,-,직거래,-,24.05.22
385,광주광역시 동구 학동,898-4,898,4,백화,50.22,202401,10,"10,000",101,3,개인,개인,1992,천변우로 603,-,직거래,-,24.01.11
386,광주광역시 동구 학동,768,768,0,평화맨션,84.51,202401,26,"24,500",2,13,개인,개인,1984,학소로 125,-,직거래,-,24.01.26
387,광주광역시 동구 월남동,638,638,0,월남호반베르디움2차,78.2705,202405,9,"27,800",-,10,개인,개인,2016,남문로 307,-,중개거래,광주 동구,-
388,광주광역시 동구 월남동,638,638,0,월남호반베르디움2차,78.2705,202401,9,"30,500",201,17,개인,개인,2016,남문로 307,-,중개거래,광주 동구,24.02.15
389,광주광역시 동구 월남동,638,638,0,월남호반베르디움2차,59.9963,202401,13,"24,800",210,9,개인,개인,2016,남문로 307,-,중개거래,광주 동구,24.02.26
390,광주광역시 동구 월남동,638,638,0,월남호반베르디움2차,78.2705,202401,22,"28,500",211,20,개인,개인,2016,남문로 307,-,중개거래,"광주 광산구, 광주 동구",24.02.13
391,광주광역시 동구 월남동,638,638,0,월남호반베르디움2차,78.2705,202401,27,"26,200",203,2,개인,개인,2016,남문로 307,-,중개거래,"광주 남구, 광주 동구",24.02.29
392,광주광역시 동구 월남동,638,638,0,월남호반베르디움2차,78.2705,202402,17,"28,700",-,20,개인,개인,2016,남문로 307,-,중개거래,광주 동구,-
393,광주광역시 동구 월남동,638,638,0,월남호반베르디움2차,78.2705,202402,24,"28,800",201,3,개인,개인,2016,남문로 307,-,중개거래,광주 동구,24.03.29
394,광주광역시 동구 월남동,638,638,0,월남호반베르디움2차,59.9963,202403,15,"20,000",210,4,개인,개인,2016,남문로 307,-,직거래,-,24.03.21
395,광주광역시 동구 월남동,638,638,0,월남호반베르디움2차,59.9963,202404,5,"24,700",-,17,개인,개인,2016,남문로 307,-,중개거래,광주 동구,-
396,광주광역시 동구 월남동,638,638,0,월남호반베르디움2차,59.9711,202404,15,"22,000",-,15,개인,개인,2016,남문로 307,-,중개거래,광주 동구,-
397,광주광역시 동구 월남동,638,638,0,월남호반베르디움2차,78.2705,202404,20,"28,500",203,14,개인,개인,2016,남문로 307,-,중개거래,광주 동구,24.05.07
398,광주광역시 동구 월남동,638,638,0,월남호반베르디움2차,59.9963,202401,19,"24,300",-,11,개인,개인,2016,남문로 307,-,중개거래,광주 동구,-
399,광주광역시 동구 선교동,488,488,0,선교2차우방아이유쉘리포레,59.9702,202402,27,"23,854",203동,6,개인,개인,2023,선교로 38-33,-,중개거래,광주 동구,24.03.29
400,광주광역시 동구 선교동,488,488,0,선교2차우방아이유쉘리포레,59.9702,202404,15,"23,360",-,3,개인,개인,2023,선교로 38-33,-,중개거래,광주 동구,-
401,광주광역시 동구 선교동,488,488,0,선교2차우방아이유쉘리포레,84.879,202404,22,"32,000",-,5,개인,개인,2023,선교로 38-33,-,중개거래,광주 동구,-
402,광주광역시 동구 선교동,488,488,0,선교2차우방아이유쉘리포레,59.9314,202402,2,"23,460",202동,17,개인,개인,2023,선교로 38-33,-,중개거래,광주 동구,24.02.26
403,광주광역시 동구 선교동,488,488,0,선교2차우방아이유쉘리포레,84.879,202405,6,"35,000",205동,19,개인,개인,2023,선교로 38-33,-,중개거래,광주 서구,24.05.17
404,광주광역시 동구 선교동,488,488,0,선교2차우방아이유쉘리포레,59.9314,202405,23,"24,800",-,20,개인,개인,2023,선교로 38-33,-,중개거래,광주 동구,-
405,광주광역시 동구 용산동,270-4,270,4,다보애주상복합APT,71.728,202404,4,"18,300",-,11,개인,개인,2016,남문로 555,-,중개거래,광주 동구,-
406,광주광역시 동구 용산동,636-31,636,31,한국,59.88,202403,24,"12,500",101,15,개인,개인,1997,화산로 352,-,중개거래,광주 동구,24.04.29
407,광주광역시 동구 용산동,663,663,0,용산지구모아엘가에듀파크,84.9024,202405,3,"45,000",-,25,개인,개인,2019,용산3길 17,-,중개거래,광주 동구,-
408,광주광역시 동구 용산동,662,662,0,광주용산지구2BL계룡리슈빌더포레스트아파트,76.4323,202405,11,"40,000",-,8,개인,개인,2019,용산1길 2,-,중개거래,"광주 동구, 광주 북구",-
409,광주광역시 동구 용산동,662,662,0,광주용산지구2BL계룡리슈빌더포레스트아파트,76.5319,202401,13,"40,500",-,6,개인,개인,2019,용산1길 2,-,중개거래,광주 동구,-
410,광주광역시 동구 용산동,662,662,0,광주용산지구2BL계룡리슈빌더포레스트아파트,106.6583,202401,13,"61,000",110동,4,개인,개인,2019,용산1길 2,-,중개거래,광주 남구,24.02.23
411,광주광역시 동구 용산동,산39-9,39,9,일광맨션,59.76,202401,18,"7,800",-,5,개인,개인,1987,천변좌로 714-11,-,중개거래,광주 동구,24.02.16
412,광주광역시 동구 용산동,636-31,636,31,한국,59.91,202401,20,"13,000",101,10,개인,개인,1997,화산로 352,-,중개거래,광주 동구,24.01.22
413,광주광역시 동구 용산동,산39-9,39,9,일광맨션,59.76,202401,24,"8,000",-,5,개인,개인,1987,천변좌로 714-11,-,직거래,-,24.01.25
414,광주광역시 동구 용산동,662,662,0,광주용산지구2BL계룡리슈빌더포레스트아파트,84.9265,202402,12,"49,500",104동,17,개인,개인,2019,용산1길 2,-,중개거래,광주 동구,24.03.08
415,광주광역시 동구 용산동,산39-9,39,9,일광맨션,58.32,202402,15,"7,000",-,2,개인,개인,1987,천변좌로 714-11,-,중개거래,광주 동구,24.02.19
416,광주광역시 동구 용산동,662,662,0,광주용산지구2BL계룡리슈빌더포레스트아파트,84.9717,202402,17,"50,000",104동,14,개인,개인,2019,용산1길 2,-,중개거래,광주 동구,24.03.12
417,광주광역시 동구 용산동,270-4,270,4,다보애주상복합APT,71.728,202402,19,"17,800",주건축물제1동,9,개인,개인,2016,남문로 555,-,중개거래,광주 동구,24.03.29
418,광주광역시 동구 용산동,662,662,0,광주용산지구2BL계룡리슈빌더포레스트아파트,84.9512,202402,23,"49,500",102동,16,개인,개인,2019,용산1길 2,-,중개거래,광주 동구,24.04.05
419,광주광역시 동구 용산동,663,663,0,용산지구모아엘가에듀파크,84.9024,202402,24,"49,000",301동,9,개인,개인,2019,용산3길 17,-,중개거래,광주 동구,24.04.12
420,광주광역시 동구 용산동,636-31,636,31,한국,59.88,202403,19,"13,000",101,5,개인,개인,1997,화산로 352,-,직거래,-,24.03.19
421,광주광역시 동구 용산동,147-1,147,1,호반맨션,59.96,202404,10,"9,000",-,6,개인,개인,1991,화산로 328-6,-,중개거래,광주 남구,24.04.15
422,광주광역시 동구 용산동,747,747,0,무등산골드클래스2차,84.1119,202403,22,"52,000",-,3,개인,개인,2022,남문로 589,-,중개거래,광주 동구,-
423,광주광역시 동구 용산동,662,662,0,광주용산지구2BL계룡리슈빌더포레스트아파트,84.9717,202404,1,"49,500",-,12,개인,개인,2019,용산1길 2,-,중개거래,"광주 남구, 광주 동구",-
424,광주광역시 동구 용산동,747,747,0,무등산골드클래스2차,84.1119,202404,4,"55,800",-,12,개인,개인,2022,남문로 589,-,중개거래,광주 동구,-
425,광주광역시 동구 용산동,663,663,0,용산지구모아엘가에듀파크,84.9024,202404,4,"45,500",303동,6,개인,개인,2019,용산3길 17,-,중개거래,광주 동구,24.05.03
426,광주광역시 동구 용산동,270-4,270,4,다보애주상복합APT,73.384,202404,11,"18,200",주건축물제1동,12,개인,개인,2016,남문로 555,-,중개거래,광주 동구,24.05.10
427,광주광역시 동구 용산동,177,177,0,동산타워,84.99,202404,15,"16,300",-,21,개인,개인,1991,화산로350번길 18,-,중개거래,광주 동구,-
428,광주광역시 동구 용산동,663,663,0,용산지구모아엘가에듀파크,84.9024,202404,19,"48,000",-,19,개인,개인,2019,용산3길 17,-,중개거래,"광주 동구, 광주 북구",-
429,광주광역시 동구 용산동,747,747,0,무등산골드클래스2차,84.1119,202404,24,"51,000",-,3,개인,개인,2022,남문로 589,-,직거래,-,-
430,광주광역시 동구 용산동,147-1,147,1,호반맨션,59.04,202404,7,"9,500",-,13,개인,개인,1991,화산로 328-6,-,중개거래,광주 동구,24.05.13
431,광주광역시 동구 용산동,663,663,0,용산지구모아엘가에듀파크,84.9024,202405,15,"46,000",-,11,개인,개인,2019,용산3길 17,-,중개거래,광주 동구,-
432,광주광역시 동구 용산동,636-31,636,31,한국,59.91,202405,9,"13,000",101,17,개인,개인,1997,화산로 352,-,직거래,-,24.05.17
433,광주광역시 동구 용산동,662,662,0,광주용산지구2BL계룡리슈빌더포레스트아파트,84.9512,202405,18,"45,800",-,5,개인,개인,2019,용산1길 2,-,중개거래,광주 동구,-
434,광주광역시 동구 용산동,747,747,0,무등산골드클래스2차,84.1119,202405,23,"56,800",-,24,개인,개인,2022,남문로 589,-,중개거래,광주 동구,-
435,광주광역시 동구 충장로4가,14,14,0,충장아트원,17.94,202404,19,"6,000",충장 ARTone,14,개인,개인,2014,중앙로 179,-,중개거래,광주 동구,24.04.24
436,광주광역시 동구 충장로4가,34,34,0,충장고운라피네,49.831,202405,3,"18,000",-,16,개인,개인,2017,충장로58번길 14,-,직거래,-,24.05.07
437,광주광역시 동구 충장로4가,14,14,0,충장아트원,17.94,202405,7,"6,000",충장 ARTone,14,개인,개인,2014,중앙로 179,-,중개거래,광주 동구,24.05.10
438,광주광역시 동구 충장로4가,34,34,0,충장고운라피네,49.831,202401,12,"18,500",-,4,개인,개인,2017,충장로58번길 14,-,중개거래,광주 광산구,24.02.08
439,광주광역시 동구 충장로4가,14,14,0,충장아트원,18,202401,15,"5,000",충장 ARTone,9,개인,개인,2014,중앙로 179,-,중개거래,광주 동구,24.02.15
440,광주광역시 동구 충장로4가,34,34,0,충장고운라피네,49.831,202401,20,"17,700",-,9,개인,개인,2017,충장로58번길 14,-,직거래,-,24.02.29
441,광주광역시 동구 충장로4가,14,14,0,충장아트원,18,202403,10,"5,750",충장 ARTone,13,개인,개인,2014,중앙로 179,-,중개거래,광주 남구,24.03.29
442,광주광역시 동구 충장로4가,34,34,0,충장고운라피네,49.831,202404,11,"17,700",-,11,개인,개인,2017,충장로58번길 14,-,중개거래,광주 북구,-
443,광주광역시 동구 충장로4가,14,14,0,충장아트원,18,202404,17,"5,500",충장 ARTone,8,개인,개인,2014,중앙로 179,-,중개거래,광주 동구,24.04.24
444,광주광역시 동구 충장로4가,14,14,0,충장아트원,18,202404,19,"5,500",충장 ARTone,9,개인,개인,2014,중앙로 179,-,중개거래,광주 동구,24.04.24
445,광주광역시 동구 충장로4가,14,14,0,충장아트원,18,202405,7,"5,500",충장 ARTone,8,개인,개인,2014,중앙로 179,-,중개거래,광주 동구,24.05.14
446,광주광역시 동구 충장로4가,34,34,0,충장고운라피네,49.831,202404,24,"18,100",-,8,개인,개인,2017,충장로58번길 14,-,중개거래,광주 서구,24.05.17
447,광주광역시 동구 충장로4가,14,14,0,충장아트원,17.94,202405,3,"5,500",충장 ARTone,9,개인,법인,2014,중앙로 179,-,중개거래,광주 동구,24.05.22
448,광주광역시 동구 금남로3가,03월 07일,3,7,금남맨션,82.21,202403,20,"12,000",-,6,개인,개인,1977,중앙로196번길 14,-,직거래,-,24.03.25
